Company,Product,TypeName,Inches,ScreenResolution,Cpu,Ram,Memory,Gpu,OpSys,price
1,300,4,13,23,65,8,4,58,8,1339
1,301,4,13,1,63,8,2,51,8,898
7,50,3,15,8,74,8,16,53,4,575
1,300,4,15,25,85,1,29,9,8,2537
1,300,4,13,23,67,8,16,59,8,1803
0,58,3,15,0,14,5,26,17,5,400
1,300,4,15,25,84,1,15,60,3,2139
1,301,4,13,1,63,8,15,51,8,1158
2,608,4,14,8,106,1,29,98,5,1495
0,430,4,14,15,83,8,16,61,5,770
7,50,3,15,0,74,5,26,53,4,393
7,50,3,15,8,56,5,26,47,4,344
1,300,4,15,25,86,1,16,10,8,2439
4,239,3,15,8,56,5,16,24,5,498
1,298,4,12,22,51,8,16,52,8,1262
1,300,4,13,23,65,8,16,58,8,1518
4,239,3,15,8,97,8,16,24,5,745
1,300,4,15,25,87,1,29,11,8,2858
10,209,3,15,8,59,8,10,72,4,499
4,576,4,13,13,83,8,4,61,5,979
2,543,2,11,0,30,3,23,41,5,191
10,291,1,15,15,77,8,5,75,5,999
7,51,3,15,0,22,5,26,12,4,258
4,244,0,13,7,83,8,16,61,5,819
7,8,4,15,8,106,8,16,53,5,659
4,239,3,15,0,56,5,10,47,5,418
1,299,4,13,1,62,8,2,51,3,1099
4,247,3,15,8,83,8,16,7,5,800
4,282,4,15,8,107,8,19,61,5,1298
7,364,3,17,8,83,8,10,69,5,896
3,270,3,15,8,29,5,35,40,5,244
2,104,3,14,0,20,3,23,12,5,199
7,44,3,17,8,8,5,26,7,5,439
4,576,4,13,35,106,1,29,61,5,1869
1,299,4,13,1,62,8,15,51,3,998
10,200,3,14,0,37,5,35,43,5,249
0,58,3,15,0,60,5,10,53,2,367
4,252,3,17,15,83,8,5,7,5,979
7,50,3,15,0,74,5,10,53,5,488
7,363,3,15,8,83,8,16,70,5,879
2,554,3,15,8,56,5,10,53,2,389
4,258,1,15,15,102,1,18,79,5,1499
2,565,3,15,0,74,8,10,72,2,522
0,63,3,15,15,83,5,16,61,5,682
4,260,0,17,7,83,0,10,63,5,999
1,300,4,13,23,64,8,16,56,8,1419
10,211,3,15,0,56,5,4,47,4,369
2,408,1,17,8,26,8,18,37,5,1299
4,239,3,15,8,74,5,16,24,5,639
2,574,3,17,0,113,5,10,66,5,466
10,592,0,10,28,31,5,35,41,0,319
0,63,3,15,15,106,8,16,98,5,841
7,51,3,15,8,8,5,16,16,5,398
7,361,3,13,8,106,8,29,61,5,1103
0,58,3,15,0,59,5,10,53,5,384
4,240,3,15,8,106,8,16,6,5,767
7,16,3,15,8,56,5,4,47,5,439
2,538,3,15,0,74,5,16,53,5,586
11,181,1,17,8,102,1,20,80,5,2449
2,562,3,15,8,56,5,16,47,2,415
4,252,3,17,8,106,1,20,7,5,1299
4,550,4,14,8,83,8,16,61,5,879
10,220,3,14,15,60,8,16,53,4,599
2,500,3,14,8,83,8,16,61,5,941
7,50,3,15,8,74,8,16,53,5,690
2,601,4,15,8,102,1,29,76,5,1983
7,50,3,15,0,56,5,26,6,5,438
7,428,3,14,0,36,5,25,41,5,229
10,524,3,15,8,74,5,10,53,5,549
2,142,1,17,8,102,0,10,76,2,949
13,429,4,13,37,74,5,4,53,6,1089
4,242,4,13,15,106,8,16,7,5,955
4,247,3,15,8,106,8,16,7,5,870
11,163,1,17,8,77,8,5,75,5,1095
0,69,3,14,0,56,8,10,47,5,389
2,133,1,15,8,102,8,10,75,5,949
10,210,3,15,8,74,8,22,53,4,519
4,247,3,15,8,106,8,5,61,5,855
0,64,3,15,8,60,5,10,97,5,530
7,364,3,17,8,83,8,5,69,5,977
4,282,4,15,15,83,8,16,61,5,1096
1,298,4,12,22,61,8,29,52,8,1510
7,362,3,14,8,83,8,16,53,5,860
10,207,3,15,8,8,5,4,5,5,399
0,58,3,15,0,14,5,10,17,5,395
4,258,1,15,15,102,1,5,76,5,1349
7,326,4,15,15,106,8,16,85,5,699
7,50,3,15,8,74,8,16,53,5,598
2,134,1,15,15,102,1,5,79,5,1449
4,576,4,13,15,106,8,16,61,5,1649
2,135,1,15,8,24,8,10,36,5,699
0,59,3,15,8,106,8,10,98,5,689
7,368,3,13,8,106,1,29,61,5,1197
4,258,1,15,8,77,8,16,79,5,1195
2,616,4,14,8,97,8,16,53,5,1049
0,423,0,13,13,83,8,16,61,5,847
4,239,3,15,8,97,8,10,24,2,599
4,239,3,15,8,56,5,16,24,2,485
2,563,3,15,8,59,7,16,65,5,577
7,314,1,15,15,102,0,5,75,5,1249
7,21,3,15,8,97,8,16,7,5,719
7,29,3,15,8,22,5,26,12,5,349
4,240,3,15,8,83,8,10,6,2,647
7,124,4,13,15,97,8,16,98,5,1119
13,429,4,13,37,74,8,16,53,6,1340
7,323,3,14,15,74,7,16,72,5,659
10,228,3,15,8,56,5,10,47,5,414
2,501,4,14,15,97,8,16,72,5,1193
11,167,1,15,8,102,1,18,76,5,1299
10,486,3,14,15,97,8,16,53,5,1480
2,541,4,15,8,106,1,18,98,5,1262
4,576,4,13,31,98,8,16,58,5,1379
10,474,0,13,13,74,8,16,53,5,1399
7,369,3,14,9,83,5,26,61,5,722
4,576,4,13,15,83,8,16,61,5,1629
7,421,0,13,13,83,8,16,61,5,1398
7,369,3,14,8,106,8,29,61,5,1084
4,257,3,15,15,106,8,18,72,5,1130
2,572,3,17,8,56,5,10,66,5,564
2,541,3,15,8,106,8,16,72,5,1118
0,422,3,15,13,59,7,10,53,5,479
11,178,1,15,8,102,1,20,80,5,2241
10,210,3,15,8,74,8,16,72,4,629
7,371,3,17,8,106,1,29,70,5,1271
0,58,3,15,0,14,5,16,17,5,451
7,50,3,15,0,36,5,26,41,4,259
7,369,3,14,8,83,8,10,61,5,812
2,103,3,14,0,16,5,37,12,6,277
4,252,3,17,8,106,1,20,7,5,1396
7,364,3,17,8,83,8,16,61,5,928
4,245,3,15,0,74,8,10,30,5,638
4,239,3,15,8,56,5,10,24,5,449
0,430,4,14,15,106,8,16,61,5,884
0,65,3,15,8,60,5,16,97,5,572
7,7,3,15,0,97,8,10,53,5,598
7,369,3,14,8,106,8,16,61,5,988
10,504,3,15,0,37,5,10,43,4,252
2,140,1,17,8,77,8,5,75,5,938
10,210,3,15,8,74,5,10,66,4,499
7,123,3,13,15,74,5,16,53,5,699
0,59,3,17,15,60,5,10,97,5,655
10,455,3,14,15,83,8,16,35,5,1116
10,291,1,15,15,102,8,16,77,4,869
16,411,3,15,0,68,5,26,47,5,602
7,51,3,15,0,8,5,16,16,5,369
2,607,4,14,8,106,8,16,61,5,1099
7,113,4,12,11,47,8,29,46,5,2014
2,555,3,15,8,37,5,10,43,5,344
11,152,1,17,8,102,1,18,80,5,2029
0,62,3,15,0,56,5,10,47,5,447
4,248,1,15,8,102,1,29,75,5,1249
4,256,1,15,8,102,8,1,75,5,899
10,505,3,15,0,74,5,4,53,5,498
11,155,1,17,8,102,1,18,79,5,1890
7,111,4,14,8,80,5,16,53,5,1082
7,9,3,15,8,83,7,16,6,5,619
10,583,0,14,13,59,5,16,53,5,629
2,600,0,13,7,83,8,16,53,5,1315
4,250,0,15,7,106,8,16,61,5,1049
16,411,3,15,0,55,5,26,47,5,447
2,569,3,15,0,14,5,10,22,5,403
0,67,3,17,15,83,5,16,98,5,805
4,240,3,15,8,83,8,16,6,5,728
10,291,1,15,15,102,1,16,76,5,1079
0,61,3,15,0,37,5,10,43,5,348
11,149,1,15,15,102,1,18,79,5,1799
0,58,3,15,0,113,5,10,44,5,363
4,248,1,15,8,102,8,5,75,5,1060
0,67,3,17,15,83,8,16,98,5,854
7,361,3,13,15,83,5,26,61,5,754
8,302,4,13,17,74,8,16,53,5,1349
7,47,3,17,15,74,7,22,6,5,699
10,207,3,15,0,9,5,26,16,4,309
16,411,3,15,0,59,5,26,53,5,489
7,364,3,17,8,83,8,16,69,5,923
4,239,3,15,0,59,8,10,53,5,459
0,62,3,15,0,56,5,4,47,5,449
11,190,1,18,8,95,4,31,62,5,2799
10,518,3,15,8,74,8,5,4,5,813
7,421,0,13,11,83,8,16,61,5,1499
4,247,3,15,8,106,1,20,7,2,1049
4,576,4,13,8,83,8,16,61,5,1399
10,591,0,13,11,106,1,29,61,5,1849
16,411,3,15,0,74,8,4,53,5,793
18,303,3,15,15,83,8,16,98,4,1199
4,260,3,17,7,106,1,29,63,5,1549
4,577,3,15,5,102,1,29,75,5,2397
10,291,1,15,15,77,8,16,75,4,779
0,431,4,13,15,81,8,16,52,5,989
4,252,3,17,8,106,8,5,7,5,1085
10,494,0,14,39,97,1,12,53,5,2824
17,264,3,14,15,37,5,23,43,5,260
18,303,4,13,15,74,8,16,98,4,999
10,213,3,17,2,83,8,16,98,4,698
4,244,0,13,13,106,8,10,61,5,839
7,364,3,17,15,83,8,10,69,5,914
14,85,1,17,5,103,4,12,82,5,6099
7,361,3,13,8,83,8,29,61,5,959
7,317,1,17,15,102,1,18,75,5,1379
7,371,3,17,8,106,8,16,70,5,1045
4,258,1,15,12,102,1,31,79,5,1845
10,511,3,15,0,68,5,4,47,5,493
0,71,3,15,8,97,8,10,72,5,742
10,292,1,15,15,102,1,31,79,5,1749
4,352,5,15,6,114,1,18,101,5,3055
10,291,1,15,8,102,1,29,79,4,1398
4,239,3,15,36,59,7,10,53,5,439
4,576,4,13,11,106,8,16,61,5,1949
4,576,4,13,8,106,8,16,61,5,1449
10,210,3,15,0,74,8,16,53,5,597
0,60,3,15,8,102,8,10,75,2,779
2,384,1,17,8,102,1,18,75,5,1407
7,22,3,15,8,56,5,26,47,4,349
10,210,3,15,8,74,8,16,53,4,549
8,302,4,13,17,97,8,29,53,5,1499
4,242,4,13,15,106,8,16,7,5,931
10,212,3,17,2,74,8,10,85,4,589
7,369,3,14,8,106,8,16,69,5,1031
4,280,4,14,8,83,8,16,61,5,1149
4,244,0,13,7,106,1,29,61,5,1279
4,240,3,15,8,83,8,16,6,2,677
10,583,0,14,15,83,8,16,61,5,899
16,341,4,13,8,89,8,16,47,5,1363
7,363,3,15,8,83,8,10,61,5,794
4,56,1,17,15,102,1,18,79,5,2456
0,71,3,15,8,97,8,16,72,5,832
4,245,3,15,7,97,1,10,30,5,859
2,545,3,15,8,74,8,16,67,5,769
2,266,3,17,8,74,8,21,86,5,891
7,594,3,15,8,97,8,10,1,5,1269
2,359,3,15,0,59,5,10,53,5,398
7,38,3,15,0,19,5,26,12,5,330
10,292,1,15,15,102,1,18,79,5,1499
4,549,3,14,8,74,8,16,53,5,859
0,79,0,13,13,68,8,16,47,5,689
4,245,3,15,8,97,1,16,30,2,899
0,62,3,15,0,56,5,10,47,2,390
2,570,3,15,8,2,5,5,24,5,575
2,381,1,17,8,103,4,31,82,5,3890
0,307,1,15,15,77,8,16,75,5,846
10,211,3,15,0,56,8,4,47,5,589
2,539,3,17,8,106,8,5,63,5,1145
2,129,3,17,8,97,8,5,86,4,889
4,248,1,15,8,77,8,16,75,5,879
10,590,0,13,13,97,8,16,53,5,1079
4,247,3,15,8,106,8,6,7,5,985
7,20,3,15,36,74,8,10,53,5,559
2,387,1,17,8,103,1,16,82,5,2999
7,361,3,13,15,83,5,26,61,5,675
1,300,4,13,23,67,8,29,59,8,2040
4,250,0,15,13,106,8,10,61,5,819
2,382,1,17,8,102,1,18,93,5,1799
2,552,3,15,0,14,5,10,22,5,469
10,591,0,13,13,106,8,29,61,5,1849
0,59,3,17,15,60,5,16,97,5,702
4,548,4,13,8,83,8,16,61,5,949
7,13,3,15,0,10,8,4,16,5,445
7,125,3,17,15,106,1,10,98,5,1059
11,187,1,17,8,102,1,31,80,5,2499
10,586,0,15,13,102,8,29,77,5,1699
4,252,3,17,8,106,8,5,7,5,1142
10,211,3,15,8,56,5,16,47,4,444
7,363,3,15,15,83,5,26,53,5,722
4,547,3,15,8,74,5,10,53,5,657
4,239,3,15,8,74,8,10,24,5,565
4,250,0,15,7,83,8,16,61,5,799
2,600,0,13,7,106,8,34,61,5,1499
10,210,3,15,8,74,5,10,53,4,467
7,371,3,17,8,106,8,10,70,5,1018
10,531,3,15,8,106,8,16,61,5,880
1,300,4,13,23,66,8,29,57,8,1958
2,408,1,17,8,26,1,18,37,5,1549
4,240,3,15,8,106,8,16,6,2,735
10,472,0,14,39,91,1,29,47,5,2499
16,411,3,15,0,89,8,26,68,5,812
4,245,3,15,0,97,0,10,53,5,713
4,252,3,17,8,106,8,5,7,2,1099
0,63,3,15,15,106,8,10,97,5,745
10,214,3,17,2,56,5,10,47,5,489
10,213,3,17,8,106,8,22,98,4,849
10,212,3,17,2,97,7,5,72,5,859
4,239,3,15,8,54,5,10,24,2,428
10,291,1,15,15,77,8,16,75,5,829
10,230,3,15,8,74,7,16,53,5,579
0,67,3,15,15,106,8,16,98,5,951
0,409,3,15,13,97,0,10,53,5,659
10,490,3,15,15,97,8,16,55,5,1097
2,541,4,15,8,74,8,16,72,5,977
10,291,1,15,15,102,1,18,76,5,1179
10,209,3,15,8,97,8,10,72,4,659
0,97,3,15,0,32,3,8,40,1,199
2,139,1,17,8,102,8,10,75,5,1187
7,40,3,17,2,56,8,10,47,5,489
4,577,3,15,8,102,8,16,75,5,1829
10,530,3,15,8,83,8,16,61,5,739
10,292,1,15,15,102,8,10,79,5,1299
0,68,3,15,8,102,8,16,76,2,979
4,353,5,17,8,104,1,16,101,5,2884
10,202,3,15,8,0,7,10,18,5,499
2,610,4,15,8,97,1,29,72,5,1468
2,540,3,14,0,59,5,4,53,5,509
2,402,1,17,8,102,1,18,80,5,2122
10,212,3,17,2,74,7,10,84,5,649
10,210,3,15,0,74,8,22,72,4,549
2,157,1,15,8,102,8,5,76,5,1265
10,208,3,15,0,113,5,10,44,4,359
7,114,0,13,7,99,1,16,53,5,1975
16,411,3,15,15,89,8,16,68,5,1043
10,209,3,15,8,74,8,5,72,5,819
7,50,3,15,8,56,5,10,47,5,469
10,222,3,13,15,74,8,16,53,5,999
4,576,4,13,11,106,1,12,61,5,2499
11,150,1,15,15,102,1,18,80,5,2099
0,107,3,15,8,11,8,16,17,5,469
2,536,0,11,36,37,3,23,43,5,275
4,247,3,15,8,83,8,5,7,5,844
7,421,0,13,11,106,1,12,61,5,2449
10,453,3,13,0,33,5,7,45,1,459
7,365,3,14,8,74,8,16,53,5,980
0,495,3,11,0,112,5,2,42,5,485
7,117,3,14,8,97,8,16,53,5,1292
10,212,3,17,2,74,5,10,66,5,589
2,606,3,14,8,97,8,16,53,5,1094
7,363,3,15,14,106,8,10,61,5,902
0,59,3,15,0,4,8,16,34,5,659
10,200,3,14,0,37,5,23,43,5,292
0,70,3,15,0,74,7,10,53,5,549
2,541,4,15,8,97,8,16,72,5,1049
7,116,4,12,8,97,8,16,53,5,1335
4,577,3,15,5,102,4,12,75,5,2639
11,164,1,17,8,102,8,18,76,5,1199
16,411,3,15,15,74,8,16,53,5,943
2,502,3,14,8,97,8,18,53,5,1334
10,521,3,15,8,56,5,10,47,5,449
2,137,1,15,8,102,8,16,75,5,999
7,111,3,14,8,78,8,16,53,5,1268
4,257,4,15,15,83,8,5,72,5,1049
7,118,3,15,8,74,8,16,53,5,1144
2,556,3,15,0,37,5,10,43,2,274
4,257,3,15,8,83,8,16,72,5,1142
4,238,3,15,0,36,5,26,40,2,274
10,206,3,15,8,5,0,22,7,5,899
7,363,3,15,15,59,8,10,70,5,716
10,591,0,13,11,106,1,29,61,5,2099
4,576,4,13,8,106,8,16,61,5,1579
10,291,1,15,15,102,1,20,76,5,1129
7,427,3,14,0,36,3,23,41,5,279
4,282,4,15,8,107,1,32,61,5,1607
2,536,0,11,36,37,5,23,43,5,375
4,247,4,15,8,83,8,10,7,5,663
4,577,3,15,5,102,1,29,75,5,2027
7,118,3,15,8,97,8,16,53,5,1304
11,171,1,17,8,102,8,5,79,5,1409
7,597,5,15,8,102,8,16,101,5,1738
16,440,3,15,15,89,1,29,68,5,1403
4,247,3,15,8,106,8,6,7,5,970
10,208,3,15,0,37,5,10,43,4,321
4,258,1,15,8,77,8,10,75,5,999
4,239,3,15,36,74,8,22,53,5,557
4,285,3,14,8,78,8,16,53,5,1427
7,50,3,15,0,56,5,26,47,5,439
2,615,3,14,8,74,8,16,53,5,945
10,212,3,17,2,74,7,5,85,5,719
7,50,3,15,8,74,8,10,53,5,639
10,211,3,15,0,56,8,16,67,4,499
7,3,3,15,0,112,8,22,42,5,389
4,252,3,17,8,83,8,5,7,5,1085
10,291,1,15,15,77,8,5,75,4,809
4,245,3,15,8,97,8,16,30,5,899
7,115,4,14,15,97,8,16,53,5,1750
2,600,0,15,7,97,0,33,74,5,1099
0,58,3,15,0,14,5,4,17,5,426
2,408,1,17,15,26,1,18,37,5,2199
10,199,3,17,2,11,5,4,17,5,489
4,244,0,13,7,106,8,16,61,5,869
7,31,3,15,8,14,5,16,17,5,488
10,578,2,11,9,41,5,4,43,5,553
4,238,3,15,0,35,5,26,41,5,309
2,535,3,14,0,37,5,23,43,5,286
0,60,3,15,8,102,8,10,75,2,846
7,321,1,17,15,102,8,5,75,5,1191
10,520,3,15,8,56,5,4,47,4,403
2,385,1,15,15,102,8,5,79,5,1655
10,223,3,14,15,74,8,16,72,5,1099
2,612,4,13,7,97,1,29,53,5,1748
10,491,4,14,10,97,8,29,53,5,2282
10,233,3,13,15,59,5,4,53,5,549
4,349,5,15,8,72,8,26,2,5,1369
4,351,5,15,15,94,8,16,101,5,2135
10,472,0,14,39,97,1,29,53,5,2509
2,404,1,17,8,102,8,10,75,5,1039
2,407,1,17,8,102,1,18,76,5,1591
0,59,3,15,9,83,0,10,97,5,693
11,294,1,17,8,102,8,16,76,5,1349
4,245,3,15,8,97,8,16,30,2,778
7,10,4,15,8,14,5,16,6,5,499
10,457,3,15,15,106,8,16,35,5,1229
10,459,3,14,15,74,8,16,53,5,938
4,354,5,15,5,102,8,16,101,5,2712
10,491,4,14,10,97,1,12,53,5,2625
10,208,3,15,0,37,5,10,43,5,306
2,141,1,17,8,102,1,18,75,5,1529
10,457,3,15,15,83,8,18,35,5,1144
0,60,3,15,8,102,8,16,75,2,879
11,156,1,17,8,102,1,18,80,5,2249
2,611,4,14,8,97,8,29,53,5,1873
16,342,4,13,8,89,1,29,47,5,1747
4,285,4,14,8,99,8,29,40,5,1680
10,211,3,15,8,56,5,26,47,5,409
10,293,3,11,0,37,3,23,43,5,304
10,462,5,15,8,102,8,29,101,5,1925
10,487,4,14,18,102,8,29,74,5,1943
7,6,3,15,8,56,5,10,6,5,469
0,79,0,13,13,89,8,16,47,5,789
2,600,0,13,13,74,8,16,53,5,928
4,239,3,15,8,74,5,16,24,2,598
4,274,3,13,0,56,5,4,47,5,689
7,109,4,14,8,89,8,16,47,5,1500
4,239,3,15,0,74,8,10,53,5,539
10,455,4,14,15,106,8,16,35,5,1215
10,586,0,15,11,102,1,29,75,5,1899
3,269,3,12,24,41,7,35,43,5,449
7,366,3,15,8,104,8,16,55,5,1427
2,564,3,15,8,59,8,10,72,2,597
4,56,1,17,10,103,1,18,80,5,2799
4,258,1,15,15,102,8,5,76,5,1159
4,247,3,15,8,106,8,20,7,5,1142
4,279,4,14,8,99,8,16,53,2,1099
7,320,1,17,8,102,0,18,80,5,1999
12,145,0,11,13,37,5,25,43,5,299
15,93,2,11,0,36,5,7,41,1,269
10,475,3,13,15,97,8,16,53,5,1010
10,215,3,14,15,60,5,4,53,5,599
10,490,5,15,12,99,1,29,72,5,2445
10,480,3,15,8,104,1,29,104,5,2449
2,408,1,17,8,25,8,18,37,5,1695
7,37,3,15,0,36,5,26,41,5,347
6,331,4,12,38,105,1,29,52,1,2199
10,469,4,14,4,97,2,29,53,5,2382
2,538,3,15,8,74,5,16,53,2,559
10,207,3,17,2,8,8,10,15,5,519
4,247,3,15,8,83,5,16,7,5,749
10,473,4,12,15,74,8,16,53,5,1429
10,208,3,15,8,113,5,4,44,5,349
7,312,1,15,15,102,8,5,75,5,1099
4,279,3,14,8,79,8,16,69,5,1179
0,76,3,15,0,74,5,26,53,2,441
4,350,5,15,8,114,8,36,108,5,1993
11,191,1,15,8,77,8,16,75,5,1027
13,429,4,13,37,100,1,29,58,6,2589
7,24,3,15,0,74,8,4,53,5,589
4,350,5,15,15,94,1,16,108,5,1975
7,366,5,15,15,104,8,29,53,5,1534
10,467,3,14,8,74,8,16,53,5,1345
4,247,3,15,8,106,8,5,7,5,979
4,236,0,11,36,112,5,26,42,5,479
4,56,3,17,15,101,8,10,79,5,2046
13,429,4,13,37,52,5,4,52,6,989
13,429,4,13,37,100,8,16,58,6,1799
7,41,3,17,2,56,8,16,47,5,639
0,71,3,15,8,56,5,10,72,5,544
0,495,2,11,0,36,5,4,41,5,435
2,357,3,15,8,74,8,10,53,5,749
10,219,3,14,15,97,8,29,31,4,799
10,480,3,15,8,104,8,16,104,5,2090
2,561,3,15,0,113,5,26,43,5,304
0,59,3,15,0,56,5,26,85,5,469
4,247,3,15,8,83,8,22,7,5,759
7,318,1,17,15,102,0,10,79,5,1699
10,485,4,14,20,91,0,16,47,5,1858
7,421,0,13,11,106,8,29,61,5,1999
7,594,3,15,8,74,8,26,1,5,1154
6,331,4,12,38,82,8,4,52,1,1275
4,284,4,13,7,83,8,16,61,5,1841
2,601,3,15,12,92,0,5,48,5,1299
4,287,3,14,0,58,8,4,47,5,740
4,354,5,15,8,102,8,16,101,5,2408
10,486,3,14,8,74,8,9,53,5,1364
4,240,3,15,8,83,8,10,6,5,675
16,334,3,13,15,74,8,16,53,5,1672
4,257,3,15,15,106,8,29,72,5,1262
4,547,3,15,0,59,5,10,53,5,586
7,361,3,13,15,83,5,4,61,5,726
3,271,3,15,8,30,5,35,40,5,248
10,456,3,15,0,54,5,4,47,5,565
10,455,3,14,15,83,8,16,61,5,1049
4,350,5,15,15,94,1,29,108,5,2338
4,577,3,15,8,102,1,29,75,5,1899
10,493,4,12,15,97,1,29,53,5,1798
2,614,4,12,8,97,1,29,53,5,1950
10,477,3,15,15,74,8,16,72,5,1011
16,336,4,13,7,97,4,29,53,5,2799
2,539,1,15,8,102,8,5,75,5,1350
0,59,3,15,0,1,8,10,34,5,579
2,389,1,17,13,92,2,18,90,5,1269
10,492,4,12,9,68,8,9,47,5,1099
10,234,3,15,8,106,8,16,61,5,898
7,111,3,14,8,99,8,12,53,5,1749
10,453,3,13,15,59,8,16,53,5,949
10,460,3,15,15,74,8,16,53,5,911
2,534,2,11,0,37,5,35,43,6,340
7,5,3,15,0,74,8,16,6,5,618
10,591,0,13,13,83,8,16,61,5,1599
10,205,3,14,0,37,5,26,43,5,299
10,100,2,11,0,36,5,8,41,1,265
10,453,3,13,8,74,8,16,53,5,949
2,609,3,15,8,97,8,18,53,5,1224
0,66,3,15,15,83,5,10,98,5,613
7,120,4,13,15,97,8,29,53,5,1323
10,291,1,15,15,102,8,18,79,4,1149
4,576,4,13,13,74,8,4,53,5,899
0,63,3,15,8,97,5,26,72,5,639
4,551,3,15,8,74,8,10,53,5,836
4,247,3,15,8,106,1,20,7,5,1219
18,303,3,15,15,106,1,16,98,4,1399
2,533,2,11,0,37,3,23,43,5,245
7,28,3,15,36,83,5,10,61,5,521
2,386,1,15,8,102,2,29,96,5,2968
7,370,3,15,8,74,8,16,69,5,889
2,143,1,17,8,102,1,18,94,5,1504
10,292,1,15,15,102,8,18,79,5,1399
7,420,4,13,15,97,8,16,53,5,1399
4,279,3,14,8,78,8,16,53,5,1279
7,362,3,15,0,56,5,4,47,5,689
4,252,3,17,15,83,8,5,7,2,889
10,459,3,14,8,68,8,16,47,7,1340
10,209,3,15,8,97,5,10,66,5,799
10,211,3,15,0,56,8,22,67,4,459
4,239,3,15,8,74,5,26,24,5,585
4,281,3,15,8,79,8,16,53,5,1377
4,56,1,17,15,102,1,5,80,5,3012
16,411,3,15,15,74,8,26,53,5,860
2,617,3,15,12,97,8,18,89,5,1299
12,415,3,13,15,41,5,25,43,5,369
2,385,1,15,15,77,8,5,79,5,1649
4,281,3,15,8,99,8,16,69,5,1369
4,247,3,15,8,83,8,16,7,5,797
7,50,3,15,8,112,5,16,42,5,398
7,313,1,17,8,102,0,10,79,5,1799
10,476,3,14,15,97,8,16,72,5,859
4,576,4,13,31,106,8,16,61,5,1399
4,549,3,14,8,56,5,4,47,5,735
7,121,4,13,21,97,8,16,53,5,1145
0,60,1,15,8,77,8,10,75,2,798
2,542,3,15,0,17,5,26,13,5,349
7,363,3,15,8,59,5,4,53,5,705
10,454,3,14,8,74,5,26,53,5,785
10,523,3,15,8,68,5,10,47,4,462
7,50,3,15,8,56,5,26,47,5,397
10,471,3,15,15,97,8,29,53,5,1729
10,211,3,15,8,56,5,4,47,5,499
4,281,3,15,8,74,8,16,53,5,1116
4,56,1,17,15,102,1,18,80,5,2699
7,42,3,17,2,56,8,10,47,5,544
7,364,3,17,8,97,8,10,69,5,1280
2,53,3,15,0,37,5,26,43,2,224
12,412,3,13,15,30,5,23,40,5,255
10,212,3,17,2,97,7,5,72,5,949
7,32,3,15,15,2,7,4,7,5,568
4,547,3,15,0,56,5,10,22,5,617
0,424,0,11,13,38,5,23,43,5,349
10,527,3,15,8,60,5,4,53,5,630
7,108,4,13,19,47,1,29,46,5,1965
10,482,3,17,15,102,8,16,109,5,2999
2,136,3,15,8,77,8,5,75,5,839
4,576,4,13,11,83,8,4,61,5,1599
4,281,3,15,0,78,5,26,53,5,959
5,297,3,15,0,74,8,10,53,5,739
10,208,3,15,8,113,5,26,44,5,344
10,459,3,14,0,74,5,26,53,5,990
7,595,5,17,2,79,8,26,101,5,1860
7,1,3,14,0,112,8,22,42,5,389
7,36,3,15,15,15,7,16,7,5,649
10,477,3,15,8,74,8,16,53,5,830
10,529,3,15,8,83,5,26,53,5,685
12,414,3,14,8,30,5,25,40,5,249
16,444,4,14,7,97,1,29,53,5,1865
10,227,1,17,15,93,4,18,80,5,2663
11,188,1,17,8,103,1,31,80,5,2729
4,239,3,15,8,97,8,16,24,2,749
12,415,3,14,15,41,5,25,43,5,389
4,281,3,15,0,78,8,26,53,5,1008
7,361,3,13,8,59,5,4,53,5,719
4,281,3,15,8,99,1,16,69,5,1537
4,89,2,11,0,36,5,7,41,1,295
11,189,1,17,8,93,1,5,93,5,2349
7,315,1,17,15,102,1,18,75,5,1498
10,485,4,14,15,91,0,16,47,5,1673
10,231,3,15,36,106,0,10,53,5,609
2,385,1,17,15,77,8,5,79,5,1770
2,434,0,15,36,74,8,10,47,5,739
10,206,3,15,8,5,0,29,7,5,949
4,237,0,11,36,48,5,4,52,5,603
15,310,3,15,8,102,1,5,75,5,1699
10,526,3,17,8,56,5,26,47,4,529
10,198,3,15,0,58,8,10,47,5,459
10,474,0,13,13,97,8,29,53,5,2025
10,487,3,14,15,77,8,16,55,5,1474
4,278,0,12,7,74,8,16,53,5,1670
4,350,5,15,7,102,8,16,108,5,1763
7,112,3,15,8,97,8,16,53,5,1219
7,363,3,15,0,59,5,26,53,5,668
0,57,3,14,8,41,5,23,43,5,329
11,272,1,17,8,93,1,5,91,5,2199
4,547,3,15,0,56,5,10,22,2,465
11,177,1,15,6,102,1,20,79,5,2299
16,451,3,15,15,89,8,16,47,5,1399
10,203,3,15,8,74,7,10,53,5,564
10,586,0,15,13,102,8,16,55,5,1299
0,432,3,14,0,112,5,2,42,5,349
10,480,3,15,12,116,4,12,104,5,4899
4,254,1,15,8,92,1,10,88,5,879
4,547,3,15,0,54,5,10,47,2,443
4,239,3,15,0,54,5,10,47,2,359
4,281,3,15,0,78,5,26,53,2,869
2,138,1,17,8,102,8,5,75,5,1168
4,547,3,15,8,74,5,4,22,2,569
7,112,4,15,8,97,8,29,53,5,1389
11,184,1,15,8,102,1,18,80,5,2267
0,88,0,11,27,40,5,23,41,1,379
7,366,3,14,0,78,8,16,53,5,1124
10,467,3,14,8,68,8,16,47,7,1465
4,247,3,15,8,83,5,10,7,5,776
5,296,3,15,0,74,8,16,53,5,799
7,112,3,15,0,68,5,26,47,7,932
10,209,3,15,8,97,8,10,66,5,899
12,413,3,14,8,30,3,23,40,5,239
10,210,3,15,8,74,5,4,53,4,468
2,374,0,13,7,74,7,10,53,5,639
4,577,3,15,8,102,8,16,75,5,1820
2,599,4,14,8,97,1,29,53,5,1900
4,256,1,15,8,102,1,18,76,5,1479
10,528,3,15,8,83,5,16,61,5,829
10,232,3,15,8,56,5,10,67,5,579
2,560,3,15,0,37,8,10,43,5,399
2,539,3,15,8,77,8,10,75,5,906
4,576,4,13,31,83,8,16,61,5,1869
10,196,3,14,0,36,3,23,41,5,249
10,494,0,13,13,97,8,16,53,5,1757
4,577,3,15,5,102,1,12,75,5,2399
10,291,1,15,15,102,8,5,77,5,1109
7,39,3,17,2,14,8,10,17,5,520
10,472,4,14,15,97,1,29,53,5,2450
2,383,1,15,15,102,8,10,76,4,1169
0,127,3,15,0,56,5,26,47,5,450
10,196,3,14,0,36,5,23,40,5,274
0,430,4,14,15,74,8,16,39,5,919
14,85,1,14,8,102,1,16,79,5,2599
16,340,3,13,8,68,8,16,47,5,1213
10,493,4,12,15,97,8,16,53,5,1584
2,379,1,17,15,93,4,29,82,5,2799
0,54,1,15,8,77,8,10,75,2,709
4,576,4,13,8,83,8,16,61,5,1449
11,162,1,15,8,102,8,5,76,5,1191
7,50,3,15,0,56,5,26,47,4,364
16,442,3,15,15,74,8,26,53,5,1064
4,247,3,15,8,106,8,16,7,5,919
4,247,3,15,8,106,1,20,7,5,1135
10,225,1,15,15,92,8,5,87,5,1196
4,56,1,17,12,102,4,31,80,5,3147
4,290,3,14,8,71,8,16,47,5,1229
10,229,3,15,0,37,5,26,43,5,419
10,211,3,15,8,68,5,26,47,5,535
7,14,3,15,3,56,7,10,24,5,539
11,172,1,17,8,102,8,5,79,5,1486
16,411,3,15,0,57,5,4,47,5,498
4,277,3,15,8,74,8,10,53,5,955
7,19,3,15,8,97,8,10,7,5,745
16,452,3,15,15,74,8,16,53,5,1258
0,58,3,15,0,56,5,4,47,2,412
13,429,4,13,37,99,8,16,58,6,1867
10,525,3,15,8,74,8,5,24,5,817
10,585,0,13,13,74,8,16,53,5,1034
10,207,3,15,0,21,5,4,13,5,349
7,329,0,14,13,59,5,4,72,5,699
11,165,1,15,8,102,1,18,75,5,1294
2,611,4,14,8,74,8,16,53,5,1135
7,102,0,11,36,37,8,35,43,1,495
9,195,4,15,15,106,8,29,53,5,2299
0,80,1,15,8,77,1,16,76,5,1299
11,192,1,15,8,77,8,16,75,5,997
2,268,3,15,0,37,5,4,43,5,419
4,55,1,15,8,77,1,5,79,5,2051
7,46,3,17,15,56,5,16,19,5,699
10,587,0,13,13,106,8,29,61,5,1499
4,55,1,15,8,103,1,18,80,5,2813
7,50,3,15,0,74,5,26,6,5,612
4,239,3,15,0,56,5,10,24,5,545
7,43,3,17,15,0,7,22,29,5,569
10,506,3,15,0,33,5,26,45,5,318
0,91,3,14,0,33,5,23,45,1,375
10,221,3,14,8,74,5,16,53,5,699
7,595,5,17,8,102,8,26,101,5,1907
10,472,0,14,39,97,8,16,53,5,2590
16,411,3,13,15,74,8,16,53,5,973
0,496,2,11,0,34,5,23,40,5,269
10,590,0,14,7,97,1,29,53,5,1749
2,99,0,12,7,49,5,35,46,1,669
16,346,4,13,7,89,1,29,47,5,1877
7,18,3,15,15,97,5,26,7,5,689
4,248,1,15,8,77,8,10,75,5,819
10,207,3,15,8,13,5,16,7,5,399
10,206,3,15,0,5,8,10,25,5,429
10,516,3,15,8,74,5,11,53,5,621
10,522,3,15,0,56,5,26,47,4,450
4,551,3,15,8,74,8,16,53,5,795
0,423,0,13,13,83,8,16,61,5,999
10,463,5,15,8,89,1,29,107,7,1855
10,484,3,14,8,70,8,16,47,5,1191
7,45,3,17,15,1,7,22,7,5,655
10,291,1,15,15,102,8,5,76,5,1249
4,279,3,14,8,79,8,16,69,2,1089
4,551,3,15,8,74,8,10,53,2,726
2,535,3,14,8,37,5,23,43,5,298
4,281,3,15,8,78,1,29,53,5,1426
10,476,3,14,15,74,8,16,66,5,857
4,281,3,15,8,78,8,16,53,5,1179
10,0,3,15,0,7,5,26,15,5,298
12,416,3,14,16,28,5,24,41,5,265
7,364,3,17,8,97,8,16,69,5,1200
10,472,4,14,20,89,8,29,47,5,1686
7,329,0,13,27,74,8,16,53,5,836
10,469,4,14,15,74,8,16,53,5,1499
4,56,1,17,6,102,4,13,80,5,3659
11,164,1,17,8,102,8,5,76,5,1348
10,517,3,15,0,74,5,10,53,4,489
4,247,3,15,8,83,8,5,7,5,719
4,243,0,13,7,59,5,10,53,5,649
4,245,3,15,0,74,8,10,30,2,589
7,11,3,15,8,14,5,10,6,5,489
0,355,1,17,15,92,1,5,79,5,1935
4,239,3,15,0,74,0,10,53,5,649
7,12,3,15,8,15,7,5,6,5,650
0,128,3,15,0,74,5,26,53,5,559
10,453,3,13,15,74,8,16,53,5,960
10,519,3,15,8,97,5,10,53,5,779
7,593,5,15,8,102,1,16,103,5,2419
4,244,0,13,7,83,8,10,61,5,659
11,177,1,15,8,102,1,18,79,5,2094
0,76,3,15,0,56,5,26,47,5,410
4,255,3,15,8,97,8,5,72,5,1207
4,547,3,15,0,56,8,16,47,5,665
16,443,3,14,13,74,8,16,53,5,1535
10,144,0,14,7,74,8,16,53,5,999
10,481,5,15,12,99,1,12,107,5,3299
0,91,3,14,0,36,3,23,41,1,330
15,309,4,13,8,97,1,16,53,5,1649
7,50,3,15,8,56,8,16,47,5,539
4,279,3,14,0,74,8,16,53,5,1126
7,598,5,17,15,115,1,16,102,7,4389
10,304,2,11,36,36,5,4,41,5,475
7,112,3,15,8,71,8,16,47,5,1900
2,566,3,15,0,70,5,10,86,4,579
10,483,4,14,8,68,5,9,47,5,1096
2,358,3,15,0,97,5,16,53,5,849
10,588,0,13,19,69,8,16,50,5,1199
7,35,3,15,15,77,8,5,75,5,1099
7,593,5,15,8,92,8,16,100,7,1561
4,56,1,15,12,102,1,18,80,5,2868
0,58,3,15,0,74,5,16,53,5,599
10,291,1,15,15,102,8,5,75,5,1048
4,283,4,12,8,99,1,16,53,5,1859
6,331,4,12,38,82,8,16,52,1,1559
2,613,4,13,21,74,8,16,53,5,1129
4,274,3,13,0,56,5,26,47,5,849
0,497,3,13,0,68,5,4,47,5,655
2,573,3,17,0,113,5,10,66,5,470
4,254,1,15,26,92,1,5,89,5,1099
15,309,4,13,7,97,8,16,53,5,1599
0,61,3,15,0,113,5,10,44,2,298
4,245,3,15,8,97,1,16,30,5,1181
15,309,0,15,7,97,1,16,8,5,1799
16,436,3,14,9,68,5,4,47,5,1020
4,256,1,15,8,102,8,10,75,5,1099
7,110,4,12,0,68,5,16,47,5,1244
2,375,0,15,7,97,0,22,72,5,839
10,479,3,15,6,94,1,29,102,7,2370
0,430,3,14,15,59,5,4,53,5,636
14,85,1,14,8,102,1,29,79,5,2899
2,544,3,15,3,110,8,4,44,5,581
4,56,1,17,15,102,4,13,81,5,3588
2,390,1,17,15,92,1,18,80,5,2350
16,449,4,14,15,91,1,29,68,5,1764
10,197,3,15,0,42,8,10,42,4,329
10,469,4,14,8,97,1,29,53,5,2299
11,174,1,14,15,102,1,18,79,5,1891
11,159,1,15,8,77,8,5,75,5,1089
10,291,1,15,15,102,5,10,75,5,999
0,356,1,17,15,102,1,18,79,5,2299
4,256,1,15,8,77,8,16,75,5,985
2,132,1,15,8,102,8,5,95,5,1339
17,263,3,14,3,37,5,23,43,5,202
10,474,0,13,13,97,8,29,53,5,1970
10,582,0,15,7,74,8,16,31,5,959
1,298,4,12,22,44,8,28,49,3,1165
10,472,0,14,30,74,8,16,53,5,2330
2,377,3,14,0,37,5,23,43,5,299
4,277,3,15,0,74,8,4,53,5,810
10,590,0,13,13,97,8,16,53,5,1349
4,551,3,15,8,56,8,16,23,5,739
7,595,5,15,8,102,8,16,103,5,2064
2,360,3,15,8,74,8,16,53,5,1099
4,576,4,13,8,74,8,16,53,5,1499
4,577,3,15,5,77,8,16,75,5,1749
4,273,2,11,0,113,5,4,44,5,744
7,110,2,12,0,78,8,16,53,5,1389
16,411,3,15,0,68,5,26,47,5,780
7,15,3,15,0,3,8,22,26,5,629
4,256,1,15,6,102,1,29,76,5,1679
10,203,3,15,8,74,5,10,65,5,609
7,319,1,17,15,102,0,10,37,5,1749
11,152,1,17,8,102,1,31,80,5,2415
15,309,4,13,8,74,8,16,53,5,1499
4,551,3,15,8,97,8,10,74,5,961
4,547,3,15,8,74,8,16,22,5,789
10,488,4,14,8,97,8,16,53,5,1859
14,86,4,12,11,96,1,29,53,5,1799
7,89,2,11,0,36,5,7,41,1,385
4,56,1,17,15,102,1,5,79,5,2505
4,275,3,14,0,68,5,26,47,5,755
10,510,3,15,0,56,5,26,47,5,489
16,445,4,14,0,74,5,4,53,5,1090
10,491,4,14,15,97,8,29,53,5,2499
11,160,1,15,8,77,8,16,75,5,1199
10,472,4,14,15,74,8,15,53,5,1875
16,411,3,14,0,108,5,4,45,5,499
2,600,0,13,34,74,8,16,53,5,1358
4,275,3,14,0,56,5,26,47,5,585
0,89,2,11,9,36,5,23,41,1,355
0,430,3,14,15,59,8,4,53,5,619
14,85,1,17,5,103,4,29,82,5,5499
10,491,4,14,20,91,1,29,47,5,2099
2,538,3,15,8,74,5,10,64,2,519
10,483,3,14,8,68,8,16,47,5,1186
10,469,3,14,15,78,8,16,53,5,1650
4,55,1,15,8,102,1,18,80,5,2774
2,401,1,17,8,102,1,18,80,5,2419
16,411,3,15,0,59,5,26,53,5,669
10,305,3,14,0,40,5,7,41,1,325
2,378,3,15,8,74,8,3,53,5,590
2,399,1,17,8,92,1,31,79,5,1799
4,56,1,17,15,102,4,31,80,5,3072
7,364,3,17,2,74,8,10,69,5,910
4,547,3,15,0,74,8,4,53,5,713
7,111,4,14,8,89,8,29,47,7,1870
4,547,3,15,8,97,5,16,22,5,739
7,102,0,11,36,37,5,23,43,1,615
2,605,4,13,15,68,8,29,71,5,1026
7,114,0,13,7,74,8,16,53,5,2277
7,111,4,14,8,89,8,29,47,5,1468
7,50,3,15,0,36,5,4,41,4,299
2,393,1,15,8,102,1,5,79,5,1899
4,251,3,17,8,97,8,10,30,2,865
10,468,4,14,15,102,8,16,74,5,1903
2,265,3,15,15,97,8,16,83,5,787
4,281,3,15,8,74,8,4,53,5,945
2,557,3,15,0,113,5,10,44,5,449
7,114,0,13,7,99,8,16,53,5,2559
4,241,3,13,7,68,8,10,47,5,649
10,198,3,15,8,54,5,10,47,4,469
10,456,3,15,15,74,8,10,53,5,850
7,112,3,15,8,78,8,16,32,5,1349
16,338,3,13,8,74,5,4,53,5,1285
10,291,1,15,15,77,8,10,75,4,1017
4,576,4,13,31,100,1,29,58,5,2240
7,370,3,15,8,68,5,26,47,5,910
16,348,4,13,0,68,8,16,47,5,1095
10,474,0,13,13,97,8,16,53,5,1950
0,433,3,14,15,74,8,16,53,5,902
4,350,5,15,8,102,8,10,108,5,1778
10,460,3,15,0,74,5,26,53,5,1055
10,198,3,15,8,56,5,10,24,4,479
16,441,3,15,15,97,8,16,53,5,1388
10,475,3,13,15,59,5,9,53,5,735
15,309,4,15,8,97,1,16,72,5,1849
4,283,4,12,8,99,8,16,53,5,1690
2,559,3,15,0,113,5,10,44,2,398
18,303,4,13,15,68,8,16,72,5,935
4,551,3,15,8,74,5,5,72,5,912
7,363,3,15,8,74,5,16,53,5,839
7,114,0,13,7,74,5,16,53,5,1700
7,330,0,15,36,74,5,26,53,5,684
2,537,3,14,0,37,5,23,43,5,348
10,218,3,15,15,89,8,10,72,5,669
4,238,3,15,0,112,5,26,40,5,369
7,114,0,13,7,74,5,16,53,5,1799
4,547,3,15,0,54,5,10,23,2,455
2,405,1,17,8,77,0,5,75,5,1369
0,95,2,11,9,36,5,23,41,1,297
10,199,3,17,2,6,5,26,14,5,379
7,372,3,14,8,74,5,4,53,5,1265
7,126,0,13,31,97,1,16,53,5,1399
15,309,4,15,8,97,8,16,53,5,1699
10,469,4,14,15,74,8,16,53,5,1799
11,182,1,17,12,92,1,33,79,5,2649
16,337,3,13,8,74,8,16,53,5,1475
4,256,1,15,8,102,8,10,78,2,929
7,363,3,15,8,97,8,10,69,5,900
4,547,3,15,0,54,5,10,23,5,614
4,281,3,15,8,78,8,26,53,5,935
4,576,0,13,31,105,8,29,52,5,2013
2,146,1,17,15,93,4,19,93,5,1279
4,576,0,13,7,105,1,16,52,5,1649
10,472,4,14,15,97,8,15,53,5,2049
10,471,3,15,15,74,8,29,53,5,1962
9,194,4,15,13,97,1,29,53,5,2099
7,116,2,12,8,97,8,29,53,5,1483
0,98,3,15,15,32,5,7,40,1,359
10,225,3,15,15,70,8,5,89,5,789
9,193,4,14,13,97,8,29,53,5,1899
4,279,3,14,8,79,8,16,53,5,1205
7,119,4,12,5,47,8,14,46,5,3100
10,217,3,15,8,97,7,16,72,5,789
7,363,3,15,8,97,8,16,69,5,1018
0,70,3,15,8,59,5,10,53,5,499
10,453,3,13,8,74,5,4,53,5,881
7,368,3,13,8,74,8,16,53,5,960
11,153,1,17,8,102,1,18,76,5,1599
4,256,1,15,8,102,1,5,76,5,1349
11,160,1,15,8,77,8,5,75,5,1119
4,547,3,15,0,74,5,10,22,5,684
7,112,4,15,8,89,8,16,28,5,1296
7,122,4,13,31,97,8,16,53,5,1149
16,450,3,15,15,91,1,16,68,5,1975
10,474,0,13,13,74,8,29,53,5,1825
4,277,3,15,0,68,5,26,47,5,729
10,493,4,12,15,97,8,16,53,5,1650
7,373,3,15,8,68,8,16,47,5,1165
4,547,3,15,0,74,5,10,53,5,708
7,365,3,14,0,68,5,26,47,5,1149
10,208,3,15,0,113,5,10,44,5,309
7,110,4,12,8,68,5,26,47,5,1579
7,50,3,15,0,36,5,10,41,4,288
10,588,0,13,19,90,1,12,56,5,1799
16,446,3,14,15,68,5,4,47,5,1105
7,110,2,12,8,68,8,16,47,5,1669
4,547,3,15,0,54,5,10,47,5,558
11,168,1,15,8,102,8,5,75,5,1199
4,285,4,14,8,74,8,16,53,5,1639
4,56,1,17,4,93,1,31,82,5,2758
7,316,1,17,15,70,8,5,90,5,1399
2,575,3,17,2,112,5,10,66,5,530
0,498,3,15,0,74,5,26,53,5,619
16,438,3,15,0,68,8,16,47,5,1119
10,584,0,11,13,53,8,16,46,5,1299
10,224,1,15,15,23,1,31,33,5,999
4,283,4,12,7,74,8,16,40,5,1472
10,203,3,15,8,97,8,10,66,4,685
4,262,3,17,2,54,5,10,30,5,659
0,91,3,14,0,36,5,23,41,1,349
7,596,5,15,15,94,8,38,100,5,2249
4,285,4,14,8,99,8,16,53,5,1775
16,345,3,13,8,68,8,16,47,7,1460
2,99,0,12,8,50,8,35,46,1,1159
10,483,4,14,15,91,8,16,47,5,1488
4,56,1,17,12,102,1,31,80,5,3154
4,576,0,13,7,81,8,16,52,5,1899
7,367,0,11,36,113,5,16,44,5,775
4,576,4,13,32,89,8,16,47,5,1268
0,96,0,11,27,36,5,23,41,1,389
16,343,3,13,8,71,8,16,47,5,1535
10,473,4,12,15,78,8,16,53,5,1760
0,78,3,15,8,74,0,5,86,5,1009
16,333,4,12,7,97,8,29,53,5,1790
7,363,3,15,0,73,8,10,69,5,846
4,239,3,15,0,54,5,10,24,2,465
4,281,3,15,0,74,5,26,53,5,825
7,363,3,15,8,59,5,26,53,5,685
4,56,1,17,15,102,4,18,80,5,3149
10,203,3,15,8,74,7,16,66,5,695
4,576,0,13,31,105,1,29,52,5,1899
4,290,4,14,39,91,8,16,47,5,1962
4,56,1,17,8,92,4,18,80,5,2800
16,435,3,14,8,68,8,16,47,5,1180
2,408,1,17,8,102,1,18,79,5,2049
7,370,3,15,15,75,8,5,69,5,979
10,465,3,14,0,68,5,27,47,7,1002
2,376,0,15,5,97,1,33,86,5,1799
7,26,3,15,0,97,7,10,53,5,579
2,406,1,17,8,102,1,18,76,5,1749
4,259,0,15,13,97,0,29,53,5,1299
16,344,3,13,8,68,5,4,47,7,1195
10,206,3,15,8,5,7,16,7,5,549
5,295,3,15,0,68,5,16,47,5,649
16,437,3,14,0,68,5,26,47,5,915
4,239,3,15,0,74,5,26,24,5,599
7,370,3,15,8,74,8,10,53,5,806
10,291,1,15,15,102,8,5,79,5,1189
4,245,3,15,0,97,8,10,30,5,749
4,279,3,14,8,74,8,4,54,5,1119
7,113,2,12,8,47,8,29,46,5,1908
7,17,3,15,8,56,5,5,6,5,499
10,503,3,15,0,37,5,4,43,4,270
10,470,3,15,8,68,8,16,47,5,1349
4,243,0,13,7,74,8,16,53,5,889
2,603,3,13,32,74,8,16,53,5,1150
7,418,4,13,13,97,8,16,53,5,1349
0,75,3,15,0,113,5,26,44,5,380
2,397,1,15,8,102,1,18,76,5,1799
7,111,4,14,8,97,8,29,53,5,2089
0,306,1,15,15,102,8,5,75,5,1260
7,106,3,13,15,74,8,16,53,5,1189
4,547,3,15,0,59,5,4,53,5,547
7,369,3,14,0,74,5,26,53,5,779
16,339,3,13,8,68,5,4,47,5,1195
7,111,3,14,0,71,5,16,47,5,1099
7,365,3,14,8,74,5,16,53,5,1205
7,109,4,14,8,91,8,16,47,7,1449
7,362,3,14,8,74,8,16,69,5,1049
7,369,3,14,0,59,5,26,53,5,684
4,256,1,15,8,77,8,1,75,5,949
7,110,4,12,8,74,5,26,53,5,1539
7,117,3,14,8,74,5,16,53,5,1590
7,111,4,14,8,89,8,16,47,5,1887
7,368,3,13,0,59,5,26,53,5,800
16,332,3,13,0,68,8,16,47,5,1210
7,363,3,15,0,59,5,16,53,5,769
10,464,3,17,12,94,1,29,99,7,2968
16,447,3,14,15,68,8,16,47,5,1490
7,109,3,14,8,89,8,16,47,5,2229
4,246,0,15,13,58,5,10,47,5,795
16,347,4,13,8,68,8,16,47,5,1590
7,417,3,13,15,74,8,16,53,5,1149
7,362,3,14,8,97,8,16,69,5,1185
4,288,3,15,8,71,8,26,47,5,1046
7,116,4,12,0,74,5,16,53,5,1559
7,366,3,14,0,74,5,26,53,5,1189
7,365,3,14,0,74,5,26,53,5,1060
4,576,4,13,31,74,8,16,53,5,1624
7,371,3,17,8,74,8,16,69,5,1080
7,362,3,14,0,74,5,16,53,5,973
0,58,3,15,0,14,7,10,17,5,409
11,163,1,17,8,102,8,5,75,5,1191
7,372,3,14,8,68,8,16,47,7,1195
7,112,3,15,8,89,8,16,47,5,1228
7,110,4,12,8,89,8,16,47,5,1349
7,363,3,15,0,74,5,26,53,5,742
16,448,4,14,15,91,8,16,47,5,1725
4,288,3,15,8,71,8,16,47,7,1062
7,362,3,14,8,74,8,16,53,5,1010
10,581,0,15,13,89,5,16,47,5,847
17,515,3,14,0,27,3,23,41,5,210
16,439,3,15,15,89,1,16,68,5,1425
10,478,3,15,8,68,8,16,47,5,1049
7,111,3,14,8,68,5,26,47,5,1000
7,112,3,15,8,71,8,21,47,5,2103
7,109,3,14,8,68,8,16,47,7,1469
11,185,1,17,15,93,1,18,93,5,1545
10,226,1,17,15,92,1,5,93,5,2289
2,94,2,11,0,36,5,7,41,1,287
10,472,3,14,10,91,1,16,47,7,2620
7,308,3,15,15,97,8,10,72,5,979
4,249,0,15,13,76,8,16,53,5,1094
7,363,3,15,0,74,5,16,53,5,979
4,576,4,13,31,97,1,12,53,5,2254
7,366,3,15,0,58,5,26,47,5,705
7,49,3,15,0,74,5,26,53,4,499
0,73,3,15,0,11,8,10,17,5,449
4,253,0,13,13,97,0,16,53,5,1299
11,183,1,15,8,92,1,18,79,5,1819
7,363,3,15,8,97,8,16,53,5,1070
2,388,1,17,15,92,1,10,90,4,998
4,239,3,15,8,74,5,10,40,5,559
4,245,3,15,8,97,1,22,30,5,989
11,176,1,15,8,92,1,18,79,5,1929
4,576,4,13,8,97,8,16,53,5,1458
2,380,1,17,15,93,6,12,92,5,3975
4,241,0,13,7,89,8,16,47,5,798
4,55,1,15,6,92,1,18,91,5,1329
1,298,4,12,22,43,8,15,46,3,1300
4,276,3,15,0,58,5,26,47,5,481
7,366,3,15,0,68,5,26,47,5,1199
7,110,4,12,8,68,8,16,47,7,1199
7,361,3,13,8,97,8,16,53,5,1090
10,474,4,12,13,89,8,16,47,5,1713
10,201,3,17,2,68,8,0,21,5,659
10,235,3,15,15,70,5,10,86,5,977
11,186,1,17,8,102,1,18,80,5,2499
10,513,3,15,0,68,5,26,47,5,540
7,373,3,15,8,68,5,26,47,7,940
10,589,4,12,30,47,8,29,46,5,1399
10,226,1,17,15,93,4,30,93,5,3240
10,592,0,10,28,31,5,35,41,5,646
7,421,4,13,12,97,1,29,53,5,2049
4,547,3,15,8,74,8,16,53,5,750
7,111,3,14,8,68,5,26,47,7,1030
7,594,5,15,8,89,8,16,0,7,1495
10,465,3,14,8,68,8,9,47,7,1199
7,90,3,13,32,109,5,23,46,1,615
0,73,3,15,0,11,5,26,17,5,387
4,238,3,15,0,111,5,26,40,2,393
7,50,3,15,0,56,5,10,47,4,345
2,400,1,17,15,102,8,18,79,5,1599
4,242,4,13,15,83,5,16,7,5,818
7,116,2,12,0,68,5,4,47,7,1599
0,77,3,15,8,74,8,18,86,5,799
4,245,3,15,8,74,8,10,30,5,638
11,179,1,17,8,92,8,16,90,5,1599
7,49,3,15,0,112,5,10,42,5,500
2,147,1,17,15,92,1,5,93,5,2299
4,286,4,12,0,58,5,26,47,7,1135
4,286,4,12,0,58,5,4,47,7,1166
0,92,3,15,0,32,5,8,40,1,209
7,595,5,17,15,92,8,10,3,7,2899
10,291,1,15,8,102,1,29,76,5,1199
4,286,4,12,0,68,8,16,47,7,1413
11,151,1,17,8,92,8,5,89,5,1511
10,581,0,15,13,68,5,16,47,5,867
7,34,3,15,8,8,5,10,15,5,398
2,395,1,15,15,92,1,5,89,5,1339
7,108,3,13,31,46,8,16,46,5,1699
4,546,3,15,0,68,5,26,20,7,769
10,507,3,15,0,54,5,4,47,5,429
7,419,4,13,8,89,8,29,47,5,1969
10,592,0,10,28,31,5,35,41,0,549
4,576,4,13,8,98,8,16,58,5,1379
10,226,1,17,15,93,1,17,93,5,2749
14,86,4,12,33,89,8,16,47,5,1029
16,335,4,13,8,97,1,29,53,5,2226
2,403,1,17,8,92,8,5,89,5,1312
17,514,3,13,8,27,5,23,41,5,196
7,419,3,13,8,68,8,16,47,5,1690
7,109,3,14,8,68,8,16,47,7,1513
4,288,3,15,0,68,5,26,47,2,523
2,538,3,15,0,59,5,10,53,5,435
10,474,0,14,13,89,8,16,47,5,1669
10,592,0,10,28,31,5,35,41,5,479
7,110,4,12,0,71,8,16,47,7,1895
10,291,1,15,15,77,8,5,79,4,989
7,311,1,17,15,70,8,5,79,5,1129
7,27,3,15,0,97,8,22,53,5,629
10,461,0,14,13,91,8,29,106,7,2050
2,267,3,14,0,37,5,23,43,5,278
7,50,4,15,8,97,8,16,53,5,752
0,71,3,15,8,74,5,10,72,5,616
10,216,3,15,8,89,1,1,27,5,1099
7,595,5,17,15,92,8,16,105,7,3949
4,245,3,15,0,74,8,10,30,5,784
11,185,1,17,8,94,1,18,93,5,2399
7,112,4,15,8,89,8,16,47,7,2171
10,472,0,14,30,91,1,29,47,5,2440
11,166,1,15,8,102,8,5,75,5,1142
7,419,0,13,7,71,8,16,47,5,1629
7,593,5,15,15,92,8,16,100,7,2229
7,419,0,13,39,91,8,16,47,5,1799
7,596,5,15,8,92,8,16,100,7,1899
7,110,4,12,8,88,8,16,47,7,2296
4,551,3,15,8,97,8,16,72,5,1009
7,112,3,15,8,68,8,16,47,7,1579
10,472,0,14,30,89,8,16,47,5,2339
10,508,3,15,0,54,5,10,47,4,339
7,4,3,15,0,17,5,26,13,5,297
10,82,3,15,8,68,8,10,21,4,599
4,256,1,15,8,102,8,10,78,5,1199
4,577,3,15,26,70,8,16,73,5,2250
7,30,3,15,8,10,5,16,6,5,478
11,170,1,17,8,102,1,18,76,5,1492
10,466,4,14,8,91,0,29,47,7,2299
10,81,3,15,8,68,8,1,21,5,788
7,419,0,13,39,91,8,29,47,5,2041
10,465,4,14,8,91,8,16,47,7,1499
11,173,1,14,8,92,1,18,91,5,1769
7,327,1,15,15,102,8,10,75,5,899
10,204,3,15,0,54,8,10,47,5,459
7,48,3,15,0,68,5,26,47,4,476
4,256,1,15,6,102,8,5,76,5,1498
10,471,3,15,15,74,8,16,53,5,1390
10,52,3,15,8,56,5,10,67,5,468
7,426,3,14,0,36,3,23,41,5,249
11,322,1,15,15,97,8,10,75,5,839
7,49,3,15,8,89,8,16,47,5,679
7,363,3,15,8,106,1,29,61,5,1159
2,567,3,15,0,34,5,26,40,5,369
10,512,3,15,0,68,5,26,47,4,398
10,217,3,15,8,97,8,10,72,4,709
2,499,3,14,8,59,5,16,53,5,769
10,83,3,15,8,89,5,1,47,7,825
10,225,1,15,15,92,1,29,87,5,1305
11,175,1,15,8,92,1,5,91,5,2153
7,363,3,15,0,58,5,26,47,5,650
10,472,0,14,30,68,8,16,47,5,1637
10,203,4,15,8,97,7,16,65,5,831
4,551,3,15,8,97,8,16,74,2,895
0,58,3,15,0,39,5,26,43,5,333
7,325,3,15,15,92,7,10,89,5,799
2,396,1,15,15,92,8,18,89,5,909
4,249,0,15,7,97,1,29,53,5,1179
0,71,3,15,8,74,5,16,72,5,691
4,576,4,13,31,71,8,16,47,2,1099
0,356,1,17,15,102,1,18,80,5,2599
10,291,1,15,15,77,8,10,75,5,819
15,101,0,12,29,117,5,23,38,1,659
7,50,3,15,0,74,5,26,53,5,485
1,298,4,12,22,43,8,15,49,3,1163
4,253,0,13,13,74,8,16,53,5,1199
7,328,3,15,15,102,0,5,75,5,1327
10,509,3,15,0,56,5,10,24,4,368
2,392,1,17,15,92,1,31,93,5,2150
0,58,3,15,0,39,5,10,43,2,272
11,180,1,17,8,102,1,18,79,5,2048
4,245,3,15,0,54,5,4,29,5,499
10,204,3,15,0,89,8,26,66,4,629
4,250,0,15,7,106,1,29,61,5,1285
4,576,4,13,31,97,1,29,53,5,2680
2,131,1,15,8,92,8,10,79,5,1169
4,245,3,15,8,74,8,16,30,5,889
7,25,3,15,0,74,8,16,53,5,579
10,207,3,15,0,18,5,26,13,5,299
0,72,3,17,2,54,8,10,72,5,629
2,408,1,15,8,102,1,18,80,5,2449
1,298,4,12,22,44,8,28,46,3,1279
2,130,3,15,8,102,1,5,79,5,1749
11,182,1,17,15,92,1,18,79,5,1948
4,259,0,15,13,74,8,16,53,5,999
2,385,1,17,8,102,1,18,79,5,1949
0,87,2,11,0,32,3,25,40,1,174
0,105,3,17,2,56,5,10,72,5,598
10,212,3,17,2,74,8,10,53,4,539
10,225,1,15,15,92,8,5,88,5,1272
0,410,0,14,13,105,8,16,52,5,1149
10,489,3,15,15,91,8,16,47,5,1529
11,169,1,15,8,92,8,5,79,5,1476
7,33,3,15,8,4,7,10,7,5,529
4,289,4,12,7,71,8,16,47,7,1713
4,249,0,15,7,59,5,26,53,5,509
2,553,3,15,0,112,5,10,42,5,309
4,576,4,13,31,97,8,16,53,5,1477
4,547,3,15,0,74,5,10,47,2,521
10,225,1,15,13,92,1,5,89,5,1029
11,161,1,15,8,102,8,5,75,5,1149
10,474,2,12,13,88,1,29,47,5,1650
14,85,1,14,8,102,1,12,79,5,3499
4,239,3,15,36,59,8,10,53,5,469
11,154,1,17,8,102,1,18,79,5,1598
1,299,4,11,0,62,5,15,51,3,959
7,23,3,15,8,56,5,10,47,5,478
7,111,4,14,4,89,8,16,47,7,2198
4,546,3,15,0,68,5,26,47,7,737
11,158,1,15,8,92,8,5,89,5,1169
10,453,3,13,15,97,1,29,53,5,1499
10,206,3,15,8,5,7,16,7,5,597
2,604,4,13,8,89,8,16,47,5,1280
0,76,3,15,0,54,5,26,47,2,361
4,261,0,17,7,97,1,29,72,5,1799
7,111,3,14,8,68,5,16,47,7,1099
2,398,1,15,15,102,1,18,76,5,1600
4,279,3,14,0,74,5,26,53,5,875
2,394,1,15,15,92,1,18,80,5,2325
10,532,3,15,15,74,8,16,53,4,573
4,576,0,13,31,81,8,16,52,5,1813
4,238,3,15,0,112,5,26,40,2,324
7,51,3,15,0,8,5,26,16,5,399
10,204,3,15,8,58,7,4,66,5,569
10,458,3,14,15,68,8,16,47,5,1072
4,238,3,15,0,111,5,26,40,5,443
2,558,3,15,0,37,5,10,43,5,339
2,391,1,17,15,92,1,5,91,5,1900
4,547,3,15,0,56,5,26,47,5,490
10,84,3,15,8,89,8,1,21,7,895
11,148,1,15,8,92,8,5,89,5,1229
10,579,0,14,7,68,5,4,47,5,833
2,602,4,13,15,45,8,29,46,5,729
4,239,3,15,0,59,7,10,53,5,459
0,74,3,15,0,36,5,26,41,2,289
4,238,3,15,0,34,3,26,40,5,379
10,225,3,15,15,92,8,10,89,5,899
7,324,3,15,8,12,7,1,29,5,549
4,239,3,15,0,97,8,10,24,2,805
7,425,2,11,0,36,3,23,41,5,209
2,571,3,15,0,89,5,26,65,5,720
10,580,0,14,13,89,5,4,47,5,638
10,588,0,13,19,89,1,29,47,5,1499
10,196,3,14,0,34,3,35,40,5,229
7,2,3,15,0,89,7,10,21,5,764
2,568,3,15,0,34,5,26,40,5,369
2,602,4,13,15,45,8,29,46,5,729
4,239,3,15,0,59,7,10,53,5,459
0,74,3,15,0,36,5,26,41,2,289
4,238,3,15,0,34,3,26,40,5,379
10,225,3,15,15,92,8,10,89,5,899
7,324,3,15,8,12,7,1,29,5,549
4,239,3,15,0,97,8,10,24,2,805
7,425,2,11,0,36,3,23,41,5,209
2,571,3,15,0,89,5,26,65,5,720
10,580,0,14,13,89,5,4,47,5,638
10,588,0,13,19,89,1,29,47,5,1499
10,196,3,14,0,34,3,35,40,5,229
7,2,3,15,0,89,7,10,21,5,764
2,568,3,15,0,34,5,26,40,5,369
2,602,4,13,15,45,8,29,46,5,729
4,239,3,15,0,59,7,10,53,5,459
0,74,3,15,0,36,5,26,41,2,289
4,238,3,15,0,34,3,26,40,5,379
10,225,3,15,15,92,8,10,89,5,899
7,324,3,15,8,12,7,1,29,5,549
4,239,3,15,0,97,8,10,24,2,805
7,425,2,11,0,36,3,23,41,5,209
2,571,3,15,0,89,5,26,65,5,720
10,580,0,14,13,89,5,4,47,5,638
10,588,0,13,19,89,1,29,47,5,1499
10,196,3,14,0,34,3,35,40,5,229
7,2,3,15,0,89,7,10,21,5,764
2,568,3,15,0,34,5,26,40,5,369
